seed,time,scenario,strata,mean_inc,emp_rate,mean_mhcase,mean_mcs,mean_mcscase50,mean_mcscase45,mean_mcscase46,mean_mcscase40,mean_mcscase35,mean_mcscase30
100,2023.0,baseline,population,11889.883381862202,0.5859872611464968,0.24203821656050956,42.96866242038217,0.7070063694267515,0.5286624203821656,0.5286624203821656,0.36942675159235666,0.2356687898089172,0.12738853503184713
100,2024.0,baseline,population,15696.44155843421,0.49333333333333335,0.6466666666666666,44.09320581724178,0.74,0.5266666666666666,0.5666666666666667,0.32666666666666666,0.14,0.07333333333333333
100,2025.0,baseline,population,15468.887682885055,0.5547945205479452,0.7808219178082192,41.518509490914994,0.8287671232876712,0.6506849315068494,0.6917808219178082,0.4246575342465753,0.1917808219178082,0.10273972602739725
100,2026.0,baseline,population,13417.055681025364,0.5793103448275863,0.7103448275862069,42.39001585225063,0.8,0.6206896551724138,0.6413793103448275,0.3931034482758621,0.2206896551724138,0.0896551724137931
100,2027.0,baseline,population,14687.854084125293,0.5944055944055944,0.7412587412587412,41.112435395279896,0.7972027972027972,0.6293706293706294,0.6853146853146853,0.46153846153846156,0.3006993006993007,0.11888111888111888
100,2028.0,baseline,population,16740.78136670481,0.6225165562913907,0.7549668874172185,41.14109924533662,0.8278145695364238,0.6556291390728477,0.6887417218543046,0.4370860927152318,0.26490066225165565,0.13245033112582782
100,2029.0,baseline,population,16671.947747711587,0.6190476190476191,0.7142857142857143,41.352306035341556,0.8027210884353742,0.6258503401360545,0.6666666666666666,0.4897959183673469,0.2925170068027211,0.10884353741496598
100,2030.0,baseline,population,14182.242122892008,0.5973154362416108,0.7785234899328859,40.71351053730031,0.8053691275167785,0.6510067114093959,0.6912751677852349,0.4966442953020134,0.3087248322147651,0.1342281879194631
100,2031.0,baseline,population,15141.88820667865,0.6078431372549019,0.7254901960784313,41.82735585475324,0.8235294117647058,0.6274509803921569,0.6601307189542484,0.41830065359477125,0.1895424836601307,0.10457516339869281
100,2032.0,baseline,population,13828.910639789208,0.569620253164557,0.7531645569620253,42.450723657908846,0.8037974683544303,0.620253164556962,0.6392405063291139,0.41139240506329117,0.2088607594936709,0.10759493670886076
100,2033.0,baseline,population,14956.154039360923,0.6013071895424836,0.6470588235294118,42.69158152135214,0.7647058823529411,0.5686274509803921,0.6013071895424836,0.37254901960784315,0.28104575163398693,0.10457516339869281
100,2034.0,baseline,population,12751.379501894442,0.5605095541401274,0.7770700636942676,43.03352347931,0.7770700636942676,0.5732484076433121,0.6114649681528662,0.3821656050955414,0.22929936305732485,0.08280254777070063
100,2035.0,baseline,population,14153.235099216861,0.6118421052631579,0.743421052631579,43.78732080041922,0.756578947368421,0.5394736842105263,0.5921052631578947,0.34868421052631576,0.19078947368421054,0.05921052631578947
101,2023.0,baseline,population,11889.883381862202,0.5859872611464968,0.24203821656050956,42.96866242038217,0.7070063694267515,0.5286624203821656,0.5286624203821656,0.36942675159235666,0.2356687898089172,0.12738853503184713
101,2024.0,baseline,population,14881.54898630753,0.4589041095890411,0.6506849315068494,44.01999387808025,0.7602739726027398,0.5342465753424658,0.5821917808219178,0.3219178082191781,0.14383561643835616,0.07534246575342465
101,2025.0,baseline,population,16423.028476714342,0.541095890410959,0.7876712328767124,41.78670169050455,0.815068493150685,0.6643835616438356,0.678082191780822,0.4178082191780822,0.19863013698630136,0.1095890410958904
101,2026.0,baseline,population,13963.250483052667,0.5486111111111112,0.7291666666666666,42.43149645352362,0.7916666666666666,0.6111111111111112,0.6388888888888888,0.3958333333333333,0.2152777777777778,0.09722222222222222
101,2027.0,baseline,population,14584.756446220288,0.5633802816901409,0.7323943661971831,41.417470440319974,0.795774647887324,0.6126760563380281,0.676056338028169,0.44366197183098594,0.2746478873239437,0.11971830985915492
101,2028.0,baseline,population,17100.155913331226,0.6122448979591837,0.7482993197278912,40.7168825852285,0.8299319727891157,0.6598639455782312,0.6870748299319728,0.46258503401360546,0.2857142857142857,0.14285714285714285
101,2029.0,baseline,population,16820.16985654471,0.581081081081081,0.6891891891891891,41.34856553761134,0.7905405405405406,0.6418918918918919,0.668918918918919,0.47297297297297297,0.27702702702702703,0.10810810810810811
101,2030.0,baseline,population,13889.80082923023,0.5592105263157895,0.7368421052631579,40.47877887785573,0.8223684210526315,0.6776315789473685,0.6973684210526315,0.4868421052631579,0.3355263157894737,0.13815789473684212
101,2031.0,baseline,population,14032.402370704825,0.5394736842105263,0.75,41.967774823513935,0.8157894736842105,0.618421052631579,0.6513157894736842,0.40789473684210525,0.21052631578947367,0.10526315789473684
101,2032.0,baseline,population,13381.300599505998,0.5316455696202531,0.7468354430379747,41.98875310878792,0.7911392405063291,0.6329113924050633,0.6582278481012658,0.4240506329113924,0.22151898734177214,0.10126582278481013
101,2033.0,baseline,population,14273.98175173432,0.5592105263157895,0.631578947368421,41.64917570183451,0.7894736842105263,0.618421052631579,0.6447368421052632,0.4276315789473684,0.32894736842105265,0.13815789473684212
101,2034.0,baseline,population,13430.08560877257,0.5592105263157895,0.756578947368421,42.75332856468524,0.756578947368421,0.5526315789473685,0.5855263157894737,0.375,0.26973684210526316,0.125
101,2035.0,baseline,population,14926.51586508164,0.5197368421052632,0.756578947368421,43.633190396407414,0.7302631578947368,0.5657894736842105,0.5921052631578947,0.35526315789473684,0.19736842105263158,0.07236842105263158
102,2023.0,baseline,population,11889.883381862202,0.5859872611464968,0.24203821656050956,42.96866242038217,0.7070063694267515,0.5286624203821656,0.5286624203821656,0.36942675159235666,0.2356687898089172,0.12738853503184713
102,2024.0,baseline,population,13474.066359337441,0.4935064935064935,0.6818181818181818,44.31495461894362,0.7662337662337663,0.5,0.5454545454545454,0.3051948051948052,0.13636363636363635,0.06493506493506493
102,2025.0,baseline,population,15136.709855632856,0.5540540540540541,0.7837837837837838,42.00193242335205,0.8378378378378378,0.6554054054054054,0.6824324324324325,0.41216216216216217,0.1891891891891892,0.10135135135135136
102,2026.0,baseline,population,12597.738702081722,0.5724137931034483,0.7448275862068966,42.99877390964689,0.7931034482758621,0.6344827586206897,0.6551724137931034,0.3724137931034483,0.18620689655172415,0.08275862068965517
102,2027.0,baseline,population,14066.263951993353,0.6153846153846154,0.7552447552447552,41.94458608461181,0.7762237762237763,0.5944055944055944,0.6503496503496503,0.4125874125874126,0.25874125874125875,0.11888111888111888
102,2028.0,baseline,population,15897.381266126251,0.5933333333333334,0.78,41.55930003148195,0.8266666666666667,0.6333333333333333,0.6733333333333333,0.4266666666666667,0.24666666666666667,0.10666666666666667
102,2029.0,baseline,population,16676.51596373004,0.5684931506849316,0.7054794520547946,41.043411198149066,0.815068493150685,0.6575342465753424,0.7054794520547946,0.4657534246575342,0.2876712328767123,0.1232876712328767
102,2030.0,baseline,population,15770.669280616292,0.6040268456375839,0.7651006711409396,40.75489660076439,0.8120805369127517,0.6577181208053692,0.6912751677852349,0.46308724832214765,0.2953020134228188,0.1342281879194631
102,2031.0,baseline,population,15317.433854669005,0.5855263157894737,0.743421052631579,42.24821496039259,0.8157894736842105,0.618421052631579,0.6447368421052632,0.40789473684210525,0.18421052631578946,0.10526315789473684
102,2032.0,baseline,population,14284.750362334851,0.5584415584415584,0.7792207792207793,42.67245959688948,0.7922077922077922,0.6103896103896104,0.6428571428571429,0.36363636363636365,0.2077922077922078,0.11688311688311688
102,2033.0,baseline,population,14759.886800145561,0.6052631578947368,0.6578947368421053,42.51102715685977,0.756578947368421,0.5855263157894737,0.618421052631579,0.3881578947368421,0.3092105263157895,0.1118421052631579
102,2034.0,baseline,population,14284.997309636052,0.5789473684210527,0.7697368421052632,42.943194933198995,0.75,0.5592105263157895,0.6052631578947368,0.375,0.23684210526315788,0.09868421052631579
102,2035.0,baseline,population,14095.809287755927,0.5882352941176471,0.7450980392156863,42.84974951681679,0.7712418300653595,0.5751633986928104,0.6209150326797386,0.40522875816993464,0.23529411764705882,0.08496732026143791
103,2023.0,baseline,population,11889.883381862202,0.5859872611464968,0.24203821656050956,42.96866242038217,0.7070063694267515,0.5286624203821656,0.5286624203821656,0.36942675159235666,0.2356687898089172,0.12738853503184713
103,2024.0,baseline,population,14528.752656549848,0.48299319727891155,0.6462585034013606,43.78198655588993,0.7551020408163265,0.54421768707483,0.5918367346938775,0.3333333333333333,0.14285714285714285,0.07482993197278912
103,2025.0,baseline,population,16035.58199178452,0.5753424657534246,0.7465753424657534,41.622030713200004,0.8287671232876712,0.6506849315068494,0.684931506849315,0.4246575342465753,0.19863013698630136,0.11643835616438356
103,2026.0,baseline,population,13357.409157024505,0.593103448275862,0.6896551724137931,42.37949673018623,0.8068965517241379,0.6275862068965518,0.6551724137931034,0.4,0.2206896551724138,0.09655172413793103
103,2027.0,baseline,population,13788.104048821071,0.5734265734265734,0.7202797202797203,41.316882993346596,0.7902097902097902,0.6293706293706294,0.6853146853146853,0.4405594405594406,0.27972027972027974,0.11188811188811189
103,2028.0,baseline,population,16899.320625554847,0.6458333333333334,0.75,40.76074851115936,0.8472222222222222,0.6388888888888888,0.6944444444444444,0.4583333333333333,0.2638888888888889,0.14583333333333334
103,2029.0,baseline,population,16645.52315332629,0.6054421768707483,0.6530612244897959,40.59984386767616,0.8299319727891157,0.6666666666666666,0.6870748299319728,0.48299319727891155,0.3197278911564626,0.14285714285714285
103,2030.0,baseline,population,14187.20170876761,0.5906040268456376,0.738255033557047,40.03408869804391,0.8187919463087249,0.6778523489932886,0.7181208053691275,0.5100671140939598,0.348993288590604,0.1476510067114094
103,2031.0,baseline,population,15944.782831768318,0.6447368421052632,0.7302631578947368,42.02287746800897,0.8092105263157895,0.5921052631578947,0.6447368421052632,0.40131578947368424,0.20394736842105263,0.1118421052631579
103,2032.0,baseline,population,14707.774595303612,0.5844155844155844,0.7272727272727273,42.401977391718304,0.8116883116883117,0.6168831168831169,0.6493506493506493,0.37012987012987014,0.2012987012987013,0.11038961038961038
103,2033.0,baseline,population,14679.308272333374,0.6143790849673203,0.6209150326797386,42.52485245809303,0.7908496732026143,0.5620915032679739,0.6013071895424836,0.35947712418300654,0.29411764705882354,0.1111111111111111
103,2034.0,baseline,population,13442.855536748917,0.5855263157894737,0.743421052631579,43.17328888867029,0.756578947368421,0.5592105263157895,0.5855263157894737,0.3815789473684211,0.2236842105263158,0.08552631578947369
103,2035.0,baseline,population,14635.117624056324,0.6447368421052632,0.7697368421052632,42.741016721668814,0.7763157894736842,0.6118421052631579,0.6644736842105263,0.4144736842105263,0.19078947368421054,0.07236842105263158
104,2023.0,baseline,population,11889.883381862202,0.5859872611464968,0.24203821656050956,42.96866242038217,0.7070063694267515,0.5286624203821656,0.5286624203821656,0.36942675159235666,0.2356687898089172,0.12738853503184713
104,2024.0,baseline,population,14701.324870317603,0.5096774193548387,0.6709677419354839,44.36980564936932,0.7677419354838709,0.5032258064516129,0.5548387096774193,0.3032258064516129,0.12903225806451613,0.05806451612903226
104,2025.0,baseline,population,16085.003623974622,0.5540540540540541,0.7905405405405406,42.15158319782314,0.8040540540540541,0.6486486486486487,0.668918918918919,0.41216216216216217,0.1891891891891892,0.11486486486486487
104,2026.0,baseline,population,14263.556664013482,0.5862068965517241,0.7241379310344828,43.07380798615775,0.8,0.6137931034482759,0.6413793103448275,0.36551724137931035,0.18620689655172415,0.07586206896551724
104,2027.0,baseline,population,16119.570707279383,0.5675675675675675,0.7702702702702703,42.032480582063144,0.7635135135135135,0.581081081081081,0.6351351351351351,0.41216216216216217,0.25,0.12162162162162163
104,2028.0,baseline,population,18472.379215522054,0.6099290780141844,0.7943262411347518,41.43814367268931,0.8014184397163121,0.6312056737588653,0.6595744680851063,0.4397163120567376,0.2695035460992908,0.1347517730496454
104,2029.0,baseline,population,18526.328254830853,0.6223776223776224,0.7062937062937062,40.97561429824251,0.8041958041958042,0.6433566433566433,0.6713286713286714,0.46153846153846156,0.3006993006993007,0.1258741258741259
104,2030.0,baseline,population,15353.589102906892,0.5866666666666667,0.78,40.29064013525537,0.8266666666666667,0.66,0.6866666666666666,0.49333333333333335,0.3466666666666667,0.14
104,2031.0,baseline,population,17220.081908629065,0.6078431372549019,0.7320261437908496,41.90888962432592,0.8235294117647058,0.6013071895424836,0.6339869281045751,0.40522875816993464,0.23529411764705882,0.11764705882352941
104,2032.0,baseline,population,15569.938467971077,0.5844155844155844,0.7727272727272727,42.71637656381507,0.7857142857142857,0.5909090909090909,0.6103896103896104,0.38961038961038963,0.21428571428571427,0.11038961038961038
104,2033.0,baseline,population,15377.670154379473,0.6274509803921569,0.673202614379085,42.669796960931485,0.7516339869281046,0.5555555555555556,0.5947712418300654,0.39215686274509803,0.29411764705882354,0.13071895424836602
104,2034.0,baseline,population,14597.363491973996,0.5723684210526315,0.7960526315789473,43.24172714388006,0.7368421052631579,0.5460526315789473,0.5789473684210527,0.3815789473684211,0.25,0.09210526315789473
104,2035.0,baseline,population,14521.3254071192,0.5526315789473685,0.7894736842105263,43.22217041462111,0.7368421052631579,0.5789473684210527,0.6052631578947368,0.40789473684210525,0.2236842105263158,0.07894736842105263
105,2023.0,baseline,population,11889.883381862202,0.5859872611464968,0.24203821656050956,42.96866242038217,0.7070063694267515,0.5286624203821656,0.5286624203821656,0.36942675159235666,0.2356687898089172,0.12738853503184713
105,2024.0,baseline,population,14932.310080096366,0.48299319727891155,0.6462585034013606,44.11518515285699,0.7482993197278912,0.5306122448979592,0.5714285714285714,0.32653061224489793,0.1360544217687075,0.07482993197278912
105,2025.0,baseline,population,15688.370064127072,0.5821917808219178,0.7671232876712328,41.80842848134824,0.8287671232876712,0.6438356164383562,0.684931506849315,0.410958904109589,0.1780821917808219,0.11643835616438356
105,2026.0,baseline,population,15570.507494279624,0.6,0.7172413793103448,42.44875666357846,0.8,0.6137931034482759,0.6482758620689655,0.4068965517241379,0.20689655172413793,0.10344827586206896
105,2027.0,baseline,population,15868.74667523236,0.6153846153846154,0.7342657342657343,41.29474677261598,0.8041958041958042,0.6083916083916084,0.6923076923076923,0.44755244755244755,0.2937062937062937,0.1258741258741259
105,2028.0,baseline,population,18747.67897787202,0.6275862068965518,0.7586206896551724,41.216154362463485,0.8068965517241379,0.6068965517241379,0.6620689655172414,0.4482758620689655,0.2689655172413793,0.13793103448275862
105,2029.0,baseline,population,18642.1085678142,0.6351351351351351,0.668918918918919,41.09944539771789,0.8108108108108109,0.6418918918918919,0.6756756756756757,0.4594594594594595,0.2905405405405405,0.11486486486486487
105,2030.0,baseline,population,16138.369028591967,0.6168831168831169,0.7272727272727273,40.53677707236255,0.8246753246753247,0.6688311688311688,0.7012987012987013,0.4805194805194805,0.3246753246753247,0.12987012987012986
105,2031.0,baseline,population,17750.572454266003,0.6352201257861635,0.7484276729559748,41.81337729176998,0.8427672955974843,0.6477987421383647,0.6792452830188679,0.4528301886792453,0.18867924528301888,0.10062893081761007
105,2032.0,baseline,population,15954.893565286282,0.5875,0.78125,41.86012726087806,0.85625,0.6,0.66875,0.4125,0.21875,0.10625
105,2033.0,baseline,population,17350.98402995547,0.660377358490566,0.6729559748427673,42.70939504942981,0.779874213836478,0.5723270440251572,0.610062893081761,0.3836477987421384,0.2830188679245283,0.11320754716981132
105,2034.0,baseline,population,14774.798361300764,0.5986842105263158,0.7302631578947368,43.13638940437176,0.7302631578947368,0.5657894736842105,0.5921052631578947,0.3815789473684211,0.2894736842105263,0.09210526315789473
105,2035.0,baseline,population,15366.0282542231,0.618421052631579,0.7828947368421053,42.9591953764133,0.743421052631579,0.5855263157894737,0.618421052631579,0.42105263157894735,0.21710526315789475,0.09210526315789473
106,2023.0,baseline,population,11889.883381862202,0.5859872611464968,0.24203821656050956,42.96866242038217,0.7070063694267515,0.5286624203821656,0.5286624203821656,0.36942675159235666,0.2356687898089172,0.12738853503184713
106,2024.0,baseline,population,14746.037921888588,0.4931506849315068,0.6575342465753424,43.914214772554544,0.7602739726027398,0.5273972602739726,0.5821917808219178,0.3219178082191781,0.14383561643835616,0.0684931506849315
106,2025.0,baseline,population,16068.459840827702,0.5724137931034483,0.7724137931034483,41.69138964639083,0.8206896551724138,0.6620689655172414,0.6827586206896552,0.4206896551724138,0.1793103448275862,0.1103448275862069
106,2026.0,baseline,population,13538.573022333803,0.5902777777777778,0.7291666666666666,42.40939070741363,0.8055555555555556,0.6319444444444444,0.6736111111111112,0.4027777777777778,0.2222222222222222,0.09027777777777778
106,2027.0,baseline,population,14275.930099458594,0.5915492957746479,0.704225352112676,41.02054412611109,0.795774647887324,0.6338028169014085,0.676056338028169,0.47183098591549294,0.30985915492957744,0.11971830985915492
106,2028.0,baseline,population,16846.86430276519,0.6363636363636364,0.7622377622377622,40.64719458364663,0.8391608391608392,0.6503496503496503,0.6923076923076923,0.4825174825174825,0.2867132867132867,0.13986013986013987
106,2029.0,baseline,population,16528.31672299485,0.6027397260273972,0.6986301369863014,40.93315467699877,0.8082191780821918,0.6575342465753424,0.678082191780822,0.4726027397260274,0.3082191780821918,0.13013698630136986
106,2030.0,baseline,population,14104.967503482529,0.6081081081081081,0.75,40.478727079524994,0.8175675675675675,0.668918918918919,0.7027027027027027,0.5,0.3310810810810811,0.13513513513513514
106,2031.0,baseline,population,14794.275145997044,0.6143790849673203,0.738562091503268,41.58462214579327,0.8496732026143791,0.6274509803921569,0.6666666666666666,0.41830065359477125,0.19607843137254902,0.11764705882352941
106,2032.0,baseline,population,13163.587610480652,0.59375,0.78125,42.340723162075335,0.81875,0.64375,0.6625,0.41875,0.2125,0.09375
106,2033.0,baseline,population,15130.699246427235,0.6405228758169934,0.6470588235294118,42.432056810695585,0.7843137254901961,0.5620915032679739,0.5947712418300654,0.40522875816993464,0.29411764705882354,0.11764705882352941
106,2034.0,baseline,population,14137.317931505606,0.5986842105263158,0.743421052631579,43.505753822436816,0.7236842105263158,0.5526315789473685,0.5657894736842105,0.35526315789473684,0.21710526315789475,0.08552631578947369
106,2035.0,baseline,population,14486.57225438725,0.5921052631578947,0.743421052631579,43.12362004964794,0.743421052631579,0.5723684210526315,0.625,0.42105263157894735,0.21710526315789475,0.07894736842105263
107,2023.0,baseline,population,11889.883381862202,0.5859872611464968,0.24203821656050956,42.96866242038217,0.7070063694267515,0.5286624203821656,0.5286624203821656,0.36942675159235666,0.2356687898089172,0.12738853503184713
107,2024.0,baseline,population,13968.407402212626,0.46938775510204084,0.6462585034013606,44.24525540247389,0.7551020408163265,0.5374149659863946,0.564625850340136,0.32653061224489793,0.1292517006802721,0.061224489795918366
107,2025.0,baseline,population,15773.042071360389,0.547945205479452,0.7808219178082192,42.039770105465756,0.8082191780821918,0.6438356164383562,0.6643835616438356,0.4178082191780822,0.1917808219178082,0.0958904109589041
107,2026.0,baseline,population,13999.058592784975,0.5972222222222222,0.7083333333333334,42.90348743135276,0.7916666666666666,0.6041666666666666,0.6180555555555556,0.375,0.19444444444444445,0.09027777777777778
107,2027.0,baseline,population,15285.372319880677,0.6056338028169014,0.7183098591549296,41.597796931993464,0.7887323943661971,0.6126760563380281,0.6549295774647887,0.43661971830985913,0.28169014084507044,0.11267605633802817
107,2028.0,baseline,population,17354.456097451217,0.6319444444444444,0.7638888888888888,41.324483658440165,0.8055555555555556,0.6319444444444444,0.6736111111111112,0.4444444444444444,0.2638888888888889,0.1388888888888889
107,2029.0,baseline,population,16747.305381940987,0.589041095890411,0.684931506849315,41.487920603196926,0.8013698630136986,0.6301369863013698,0.6575342465753424,0.4452054794520548,0.273972602739726,0.1232876712328767
107,2030.0,baseline,population,14388.873427639588,0.610738255033557,0.7583892617449665,40.64652471929462,0.8120805369127517,0.6644295302013423,0.6912751677852349,0.48322147651006714,0.33557046979865773,0.14093959731543623
107,2031.0,baseline,population,16895.825437018877,0.60625,0.7625,42.72025737444695,0.80625,0.59375,0.625,0.36875,0.19375,0.1
107,2032.0,baseline,population,15152.421246707116,0.5341614906832298,0.7577639751552795,42.93162700440758,0.7888198757763976,0.6086956521739131,0.6459627329192547,0.39751552795031053,0.18633540372670807,0.08695652173913043
107,2033.0,baseline,population,15144.986497039225,0.5947712418300654,0.6601307189542484,42.286122702813294,0.7843137254901961,0.5947712418300654,0.6209150326797386,0.42483660130718953,0.2875816993464052,0.10457516339869281
107,2034.0,baseline,population,14709.21952417407,0.6052631578947368,0.7368421052631579,43.12587417268501,0.7631578947368421,0.5789473684210527,0.618421052631579,0.35526315789473684,0.25,0.07894736842105263
107,2035.0,baseline,population,16508.117172820916,0.6644736842105263,0.7960526315789473,43.20473581794012,0.75,0.5921052631578947,0.631578947368421,0.39473684210526316,0.19078947368421054,0.06578947368421052
108,2023.0,baseline,population,11889.883381862202,0.5859872611464968,0.24203821656050956,42.96866242038217,0.7070063694267515,0.5286624203821656,0.5286624203821656,0.36942675159235666,0.2356687898089172,0.12738853503184713
108,2024.0,baseline,population,14360.639174569284,0.4557823129251701,0.6598639455782312,44.1787390338079,0.7551020408163265,0.5374149659863946,0.5782312925170068,0.32653061224489793,0.14285714285714285,0.061224489795918366
108,2025.0,baseline,population,15616.785758270056,0.541095890410959,0.7671232876712328,41.913727749908894,0.815068493150685,0.6438356164383562,0.6643835616438356,0.4178082191780822,0.19863013698630136,0.0958904109589041
108,2026.0,baseline,population,13618.620389680513,0.5862068965517241,0.7034482758620689,42.51513502365764,0.7931034482758621,0.6206896551724138,0.6482758620689655,0.4,0.20689655172413793,0.0896551724137931
108,2027.0,baseline,population,15228.33180884364,0.5524475524475524,0.7272727272727273,41.378709433744504,0.8041958041958042,0.6083916083916084,0.6783216783216783,0.44755244755244755,0.2867132867132867,0.11188811188811189
108,2028.0,baseline,population,17447.35528291599,0.5838926174496645,0.7785234899328859,41.33045735793463,0.825503355704698,0.6577181208053692,0.6711409395973155,0.4228187919463087,0.2550335570469799,0.12080536912751678
108,2029.0,baseline,population,17578.074270513902,0.564625850340136,0.6870748299319728,41.27379190038262,0.7755102040816326,0.6326530612244898,0.6598639455782312,0.4557823129251701,0.2857142857142857,0.12244897959183673
108,2030.0,baseline,population,15001.167697160608,0.5637583892617449,0.7651006711409396,40.68376733696644,0.8120805369127517,0.6375838926174496,0.6711409395973155,0.48322147651006714,0.30201342281879195,0.14093959731543623
108,2031.0,baseline,population,16239.637864370998,0.5686274509803921,0.7450980392156863,42.14663283900346,0.8235294117647058,0.6078431372549019,0.6470588235294118,0.39869281045751637,0.19607843137254902,0.12418300653594772
108,2032.0,baseline,population,14550.426984399468,0.5555555555555556,0.7407407407407407,42.971091588025295,0.7839506172839507,0.5679012345679012,0.5925925925925926,0.3765432098765432,0.19135802469135801,0.1111111111111111
108,2033.0,baseline,population,14828.885570803204,0.5816993464052288,0.6797385620915033,42.6181964908639,0.7581699346405228,0.5490196078431373,0.5816993464052288,0.38562091503267976,0.2875816993464052,0.11764705882352941
108,2034.0,baseline,population,13714.966381628825,0.5394736842105263,0.7763157894736842,43.38922587556447,0.7368421052631579,0.5394736842105263,0.5723684210526315,0.3684210526315789,0.23026315789473684,0.08552631578947369
108,2035.0,baseline,population,13411.098266885592,0.5394736842105263,0.7828947368421053,43.26753597338171,0.743421052631579,0.5723684210526315,0.625,0.4144736842105263,0.19736842105263158,0.07894736842105263
109,2023.0,baseline,population,11889.883381862202,0.5859872611464968,0.24203821656050956,42.96866242038217,0.7070063694267515,0.5286624203821656,0.5286624203821656,0.36942675159235666,0.2356687898089172,0.12738853503184713
109,2024.0,baseline,population,14818.037866275732,0.5,0.6643835616438356,44.029421558028446,0.7534246575342466,0.5342465753424658,0.5821917808219178,0.3287671232876712,0.136986301369863,0.0684931506849315
109,2025.0,baseline,population,15919.174623308636,0.5862068965517241,0.7793103448275862,41.98254982799429,0.8,0.6344827586206897,0.6689655172413793,0.4068965517241379,0.2,0.10344827586206896
109,2026.0,baseline,population,13452.204772769255,0.5972222222222222,0.7291666666666666,42.75138527722052,0.7847222222222222,0.6111111111111112,0.6319444444444444,0.3958333333333333,0.20833333333333334,0.08333333333333333
109,2027.0,baseline,population,15061.056922217234,0.5915492957746479,0.7535211267605634,41.5863110160111,0.8028169014084507,0.6056338028169014,0.6690140845070423,0.43661971830985913,0.2746478873239437,0.11267605633802817
109,2028.0,baseline,population,16477.379732884518,0.6066666666666667,0.78,41.4814916779115,0.8133333333333334,0.6533333333333333,0.6866666666666666,0.43333333333333335,0.24666666666666667,0.10666666666666667
109,2029.0,baseline,population,16510.165524122338,0.5753424657534246,0.7191780821917808,41.15913453218138,0.8082191780821918,0.6506849315068494,0.678082191780822,0.4863013698630137,0.3013698630136986,0.1232876712328767
109,2030.0,baseline,population,15895.103336707638,0.6535947712418301,0.7712418300653595,40.75397996071572,0.803921568627451,0.6535947712418301,0.7058823529411765,0.49019607843137253,0.30718954248366015,0.12418300653594772
109,2031.0,baseline,population,17512.580904932456,0.6624203821656051,0.7834394904458599,42.02936154717425,0.8280254777070064,0.6050955414012739,0.6369426751592356,0.40764331210191085,0.19745222929936307,0.09554140127388536
109,2032.0,baseline,population,15887.496479017518,0.5974025974025974,0.8181818181818182,42.101828415034646,0.7987012987012987,0.6298701298701299,0.6753246753246753,0.4090909090909091,0.22727272727272727,0.1038961038961039
109,2033.0,baseline,population,15124.774710616775,0.6209150326797386,0.6928104575163399,42.09784399456496,0.803921568627451,0.5882352941176471,0.6209150326797386,0.39869281045751637,0.2875816993464052,0.1111111111111111
109,2034.0,baseline,population,13981.168455888606,0.5986842105263158,0.7697368421052632,43.32814983817438,0.7368421052631579,0.5789473684210527,0.6118421052631579,0.375,0.21052631578947367,0.07894736842105263
109,2035.0,baseline,population,15494.498455498211,0.618421052631579,0.7631578947368421,43.37246232222337,0.7631578947368421,0.5723684210526315,0.6118421052631579,0.3815789473684211,0.19078947368421054,0.07236842105263158
110,2023.0,baseline,population,11889.883381862202,0.5859872611464968,0.24203821656050956,42.96866242038217,0.7070063694267515,0.5286624203821656,0.5286624203821656,0.36942675159235666,0.2356687898089172,0.12738853503184713
110,2024.0,baseline,population,15189.494059906574,0.4935064935064935,0.6753246753246753,44.18135626847733,0.7662337662337663,0.512987012987013,0.564935064935065,0.3181818181818182,0.12987012987012986,0.06493506493506493
110,2025.0,baseline,population,17029.724759065222,0.6081081081081081,0.777027027027027,42.123012944078326,0.8040540540540541,0.6418918918918919,0.668918918918919,0.3918918918918919,0.16891891891891891,0.0945945945945946
110,2026.0,baseline,population,15024.769083695352,0.6275862068965518,0.7034482758620689,42.99345099654597,0.8,0.593103448275862,0.6206896551724138,0.36551724137931035,0.1793103448275862,0.08275862068965517
110,2027.0,baseline,population,15096.05168585617,0.6083916083916084,0.7132867132867133,41.588805245452676,0.8111888111888111,0.6223776223776224,0.6993006993006993,0.42657342657342656,0.25874125874125875,0.11888111888111888
110,2028.0,baseline,population,17862.611750156288,0.6438356164383562,0.7534246575342466,41.294232827114605,0.8287671232876712,0.6232876712328768,0.6712328767123288,0.4315068493150685,0.2602739726027397,0.11643835616438356
110,2029.0,baseline,population,18281.48655532148,0.6438356164383562,0.6917808219178082,40.96099206501053,0.7945205479452054,0.6506849315068494,0.684931506849315,0.4657534246575342,0.273972602739726,0.136986301369863
110,2030.0,baseline,population,14984.435015670619,0.6129032258064516,0.7806451612903226,40.53571284597279,0.8387096774193549,0.6838709677419355,0.7225806451612903,0.5032258064516129,0.32903225806451614,0.11612903225806452
110,2031.0,baseline,population,16070.083457842855,0.6274509803921569,0.7189542483660131,41.771426919255816,0.8562091503267973,0.6143790849673203,0.6666666666666666,0.39869281045751637,0.21568627450980393,0.10457516339869281
110,2032.0,baseline,population,15593.318949941638,0.6258064516129033,0.7612903225806451,42.62158048812153,0.7870967741935484,0.6064516129032258,0.632258064516129,0.3548387096774194,0.2064516129032258,0.10967741935483871
110,2033.0,baseline,population,15508.409092692531,0.6470588235294118,0.6405228758169934,42.686045607758906,0.7581699346405228,0.5490196078431373,0.6078431372549019,0.4117647058823529,0.30718954248366015,0.11764705882352941
110,2034.0,baseline,population,13855.21909924001,0.5855263157894737,0.7894736842105263,43.26699869620424,0.7368421052631579,0.5263157894736842,0.5789473684210527,0.3881578947368421,0.25,0.10526315789473684
110,2035.0,baseline,population,14377.145788605447,0.631578947368421,0.7960526315789473,42.71035926940845,0.7960526315789473,0.618421052631579,0.6447368421052632,0.40789473684210525,0.23026315789473684,0.09210526315789473
111,2023.0,baseline,population,11889.883381862202,0.5859872611464968,0.24203821656050956,42.96866242038217,0.7070063694267515,0.5286624203821656,0.5286624203821656,0.36942675159235666,0.2356687898089172,0.12738853503184713
111,2024.0,baseline,population,14365.67940946881,0.4897959183673469,0.6530612244897959,44.361124075884604,0.7551020408163265,0.5238095238095238,0.5510204081632653,0.3197278911564626,0.1292517006802721,0.061224489795918366
111,2025.0,baseline,population,15652.262129486779,0.5821917808219178,0.7876712328767124,42.14404230134704,0.8082191780821918,0.6232876712328768,0.6712328767123288,0.4178082191780822,0.18493150684931506,0.10273972602739725
111,2026.0,baseline,population,14476.554930960914,0.6068965517241379,0.7379310344827587,43.139540670310055,0.7862068965517242,0.5793103448275863,0.6206896551724138,0.3793103448275862,0.19310344827586207,0.08275862068965517
111,2027.0,baseline,population,15426.910286886963,0.6153846153846154,0.7272727272727273,41.651725838258116,0.7972027972027972,0.6083916083916084,0.6573426573426573,0.43356643356643354,0.2727272727272727,0.1048951048951049
111,2028.0,baseline,population,17087.91115268555,0.62,0.78,41.80328506031557,0.8133333333333334,0.6333333333333333,0.6666666666666666,0.41333333333333333,0.23333333333333334,0.10666666666666667
111,2029.0,baseline,population,18173.158046597986,0.6533333333333333,0.72,41.389764493601994,0.7733333333333333,0.6266666666666667,0.66,0.47333333333333333,0.2866666666666667,0.13333333333333333
111,2030.0,baseline,population,16245.480455061002,0.6308724832214765,0.7718120805369127,40.83675598335429,0.7986577181208053,0.6308724832214765,0.6912751677852349,0.48322147651006714,0.3288590604026846,0.12080536912751678
111,2031.0,baseline,population,16472.471582611746,0.6470588235294118,0.7647058823529411,42.70588984551536,0.803921568627451,0.5947712418300654,0.6274509803921569,0.3790849673202614,0.17647058823529413,0.09803921568627451
111,2032.0,baseline,population,15179.167975345432,0.6,0.7806451612903226,42.60571927646968,0.7870967741935484,0.5870967741935483,0.632258064516129,0.3870967741935484,0.2064516129032258,0.10967741935483871
111,2033.0,baseline,population,14700.653717179843,0.5974025974025974,0.6818181818181818,42.67844254747435,0.7597402597402597,0.5714285714285714,0.6168831168831169,0.38311688311688313,0.2922077922077922,0.11038961038961038
111,2034.0,baseline,population,13678.157684966833,0.5751633986928104,0.7581699346405228,43.306381040495346,0.7320261437908496,0.5228758169934641,0.5751633986928104,0.38562091503267976,0.26143790849673204,0.08496732026143791
111,2035.0,baseline,population,15226.026536463867,0.625,0.7960526315789473,43.311208776734084,0.743421052631579,0.5921052631578947,0.5921052631578947,0.40131578947368424,0.21710526315789475,0.10526315789473684
112,2023.0,baseline,population,11889.883381862202,0.5859872611464968,0.24203821656050956,42.96866242038217,0.7070063694267515,0.5286624203821656,0.5286624203821656,0.36942675159235666,0.2356687898089172,0.12738853503184713
112,2024.0,baseline,population,14505.660682158723,0.4897959183673469,0.6666666666666666,44.07369763996663,0.7482993197278912,0.5306122448979592,0.5714285714285714,0.32653061224489793,0.1360544217687075,0.07482993197278912
112,2025.0,baseline,population,15637.796332723334,0.5510204081632653,0.782312925170068,41.736470412406014,0.8231292517006803,0.6530612244897959,0.6802721088435374,0.42857142857142855,0.1836734693877551,0.10884353741496598
112,2026.0,baseline,population,13869.048030528435,0.6068965517241379,0.7379310344827587,42.630161641248456,0.8068965517241379,0.6344827586206897,0.6551724137931034,0.3931034482758621,0.19310344827586207,0.08275862068965517
112,2027.0,baseline,population,15413.913080357614,0.6266666666666667,0.7733333333333333,41.56654458270309,0.8066666666666666,0.64,0.7,0.41333333333333333,0.2733333333333333,0.10666666666666667
112,2028.0,baseline,population,16391.64929030849,0.6052631578947368,0.7697368421052632,41.294985732675194,0.8289473684210527,0.6513157894736842,0.6907894736842105,0.4276315789473684,0.25,0.1118421052631579
112,2029.0,baseline,population,16310.52043006101,0.6258503401360545,0.7074829931972789,40.835480964498295,0.7959183673469388,0.6530612244897959,0.6802721088435374,0.4965986394557823,0.3197278911564626,0.14965986394557823
112,2030.0,baseline,population,15072.645134604993,0.6538461538461539,0.8012820512820513,40.115966281961846,0.8205128205128205,0.7051282051282052,0.7435897435897436,0.532051282051282,0.3141025641025641,0.14743589743589744
112,2031.0,baseline,population,15898.77316729322,0.6601307189542484,0.7516339869281046,41.433387030936764,0.8431372549019608,0.6405228758169934,0.6862745098039216,0.41830065359477125,0.21568627450980393,0.13725490196078433
112,2032.0,baseline,population,15085.463307843216,0.5849056603773585,0.7924528301886793,42.16748959616376,0.8238993710691824,0.6289308176100629,0.6415094339622641,0.41509433962264153,0.2138364779874214,0.10062893081761007
112,2033.0,baseline,population,15020.623430489897,0.6078431372549019,0.6470588235294118,41.49820145216688,0.8300653594771242,0.6209150326797386,0.6339869281045751,0.42483660130718953,0.32679738562091504,0.11764705882352941
112,2034.0,baseline,population,13687.878393154426,0.5620915032679739,0.7843137254901961,43.49909403903365,0.738562091503268,0.5424836601307189,0.5686274509803921,0.35947712418300654,0.24183006535947713,0.0784313725490196
112,2035.0,baseline,population,14595.084850722127,0.6381578947368421,0.7894736842105263,43.14232173822234,0.75,0.5855263157894737,0.631578947368421,0.42105263157894735,0.21710526315789475,0.09210526315789473
113,2023.0,baseline,population,11889.883381862202,0.5859872611464968,0.24203821656050956,42.96866242038217,0.7070063694267515,0.5286624203821656,0.5286624203821656,0.36942675159235666,0.2356687898089172,0.12738853503184713
113,2024.0,baseline,population,14057.953138885709,0.46496815286624205,0.6560509554140127,44.42735437476682,0.7515923566878981,0.4968152866242038,0.535031847133758,0.3057324840764331,0.1337579617834395,0.07006369426751592
113,2025.0,baseline,population,15819.662948856256,0.5675675675675675,0.7702702702702703,41.95163428092498,0.8243243243243243,0.6621621621621622,0.6891891891891891,0.40540540540540543,0.17567567567567569,0.10135135135135136
113,2026.0,baseline,population,13219.551953368771,0.6275862068965518,0.7310344827586207,42.69053264219482,0.8,0.6413793103448275,0.6689655172413793,0.3931034482758621,0.20689655172413793,0.07586206896551724
113,2027.0,baseline,population,14954.402358423209,0.6153846153846154,0.7272727272727273,41.40377142625314,0.7902097902097902,0.6433566433566433,0.6713286713286714,0.4405594405594406,0.25874125874125875,0.11188811188811189
113,2028.0,baseline,population,16289.93667589643,0.5886524822695035,0.75177304964539,40.97496112018377,0.8368794326241135,0.6453900709219859,0.6879432624113475,0.4326241134751773,0.2695035460992908,0.14893617021276595
113,2029.0,baseline,population,15895.816278321756,0.5611510791366906,0.6834532374100719,40.54751108085443,0.8201438848920863,0.6762589928057554,0.7050359712230215,0.49640287769784175,0.302158273381295,0.1223021582733813
113,2030.0,baseline,population,13689.070840838185,0.5771812080536913,0.7718120805369127,40.47118425024572,0.8187919463087249,0.6711409395973155,0.7114093959731543,0.4966442953020134,0.33557046979865773,0.14093959731543623
113,2031.0,baseline,population,14759.980528057831,0.631578947368421,0.7302631578947368,41.77123961027542,0.8289473684210527,0.6118421052631579,0.6578947368421053,0.40131578947368424,0.21052631578947367,0.11842105263157894
113,2032.0,baseline,population,13678.268866672392,0.593939393939394,0.7393939393939394,42.672138026705746,0.806060606060606,0.6060606060606061,0.6363636363636364,0.37575757575757573,0.20606060606060606,0.10909090909090909
113,2033.0,baseline,population,14260.194627826395,0.6143790849673203,0.6862745098039216,42.09437769724699,0.7908496732026143,0.6209150326797386,0.6470588235294118,0.38562091503267976,0.29411764705882354,0.11764705882352941
113,2034.0,baseline,population,13439.452381540317,0.5986842105263158,0.7828947368421053,42.76114610535624,0.756578947368421,0.5855263157894737,0.6118421052631579,0.375,0.2236842105263158,0.09210526315789473
113,2035.0,baseline,population,13894.780250988999,0.5882352941176471,0.738562091503268,42.9290964011283,0.7516339869281046,0.5751633986928104,0.6274509803921569,0.39215686274509803,0.2222222222222222,0.09803921568627451
114,2023.0,baseline,population,11889.883381862202,0.5859872611464968,0.24203821656050956,42.96866242038217,0.7070063694267515,0.5286624203821656,0.5286624203821656,0.36942675159235666,0.2356687898089172,0.12738853503184713
114,2024.0,baseline,population,15224.160050722732,0.5102040816326531,0.6530612244897959,44.29916018687624,0.7551020408163265,0.5238095238095238,0.5578231292517006,0.3129251700680272,0.1360544217687075,0.061224489795918366
114,2025.0,baseline,population,15660.582368994803,0.5510204081632653,0.782312925170068,42.155313799991234,0.8027210884353742,0.6394557823129252,0.6666666666666666,0.40816326530612246,0.19047619047619047,0.10204081632653061
114,2026.0,baseline,population,14064.766536981302,0.5793103448275863,0.7517241379310344,42.8078284724646,0.7931034482758621,0.6068965517241379,0.6275862068965518,0.3724137931034483,0.21379310344827587,0.08275862068965517
114,2027.0,baseline,population,16361.775422196964,0.6180555555555556,0.75,41.5255306716551,0.7986111111111112,0.6111111111111112,0.6805555555555556,0.4305555555555556,0.2777777777777778,0.11805555555555555
114,2028.0,baseline,population,16701.60471128379,0.6283783783783784,0.777027027027027,41.0243479941972,0.8378378378378378,0.668918918918919,0.7027027027027027,0.44594594594594594,0.2635135135135135,0.13513513513513514
114,2029.0,baseline,population,16671.904200487974,0.6578947368421053,0.7105263157894737,41.185423358029084,0.7763157894736842,0.6381578947368421,0.6578947368421053,0.48026315789473684,0.28289473684210525,0.1118421052631579
114,2030.0,baseline,population,14494.88276084025,0.6644295302013423,0.7449664429530202,40.330992859850554,0.8187919463087249,0.6510067114093959,0.697986577181208,0.4899328859060403,0.3288590604026846,0.15436241610738255
114,2031.0,baseline,population,15205.305955319727,0.6118421052631579,0.7236842105263158,41.4939905405642,0.8421052631578947,0.631578947368421,0.6710526315789473,0.4342105263157895,0.2236842105263158,0.1118421052631579
114,2032.0,baseline,population,14613.66329664906,0.5471698113207547,0.7672955974842768,42.11260228267816,0.8176100628930818,0.610062893081761,0.660377358490566,0.41509433962264153,0.20754716981132076,0.11320754716981132
114,2033.0,baseline,population,16433.595687139405,0.6013071895424836,0.6274509803921569,42.14249897906652,0.7843137254901961,0.5686274509803921,0.6209150326797386,0.4117647058823529,0.3006535947712418,0.11764705882352941
114,2034.0,baseline,population,15089.935766676504,0.5882352941176471,0.7843137254901961,43.353577651760695,0.7320261437908496,0.5359477124183006,0.5620915032679739,0.35294117647058826,0.24183006535947713,0.0784313725490196
114,2035.0,baseline,population,15950.250683783584,0.5460526315789473,0.743421052631579,43.62629064449972,0.75,0.5526315789473685,0.5986842105263158,0.3684210526315789,0.17763157894736842,0.05921052631578947
115,2023.0,baseline,population,11889.883381862202,0.5859872611464968,0.24203821656050956,42.96866242038217,0.7070063694267515,0.5286624203821656,0.5286624203821656,0.36942675159235666,0.2356687898089172,0.12738853503184713
115,2024.0,baseline,population,14127.057959754207,0.4527027027027027,0.6554054054054054,43.91812365143785,0.7567567567567568,0.5472972972972973,0.5945945945945946,0.3310810810810811,0.13513513513513514,0.07432432432432433
115,2025.0,baseline,population,16266.603574105238,0.5616438356164384,0.773972602739726,41.672402280986546,0.815068493150685,0.6506849315068494,0.6712328767123288,0.4178082191780822,0.19863013698630136,0.1095890410958904
115,2026.0,baseline,population,13760.78308123244,0.6068965517241379,0.7103448275862069,42.449366235088846,0.8,0.6137931034482759,0.6413793103448275,0.3931034482758621,0.22758620689655173,0.0896551724137931
115,2027.0,baseline,population,14821.583996667345,0.5570469798657718,0.7583892617449665,40.722642580765715,0.8120805369127517,0.6442953020134228,0.6845637583892618,0.46308724832214765,0.31543624161073824,0.12080536912751678
115,2028.0,baseline,population,17333.3845844488,0.5933333333333334,0.76,40.85643419278484,0.8466666666666667,0.6466666666666666,0.68,0.44666666666666666,0.28,0.13333333333333333
115,2029.0,baseline,population,17281.65815010013,0.6258064516129033,0.6903225806451613,41.614634017001755,0.7419354838709677,0.6129032258064516,0.632258064516129,0.45161290322580644,0.25161290322580643,0.11612903225806452
115,2030.0,baseline,population,15162.214503098354,0.6025641025641025,0.7307692307692307,41.26651248453122,0.8269230769230769,0.6474358974358975,0.6602564102564102,0.44871794871794873,0.2948717948717949,0.12179487179487179
115,2031.0,baseline,population,15652.37602523812,0.5986842105263158,0.6907894736842105,42.4212298754721,0.7763157894736842,0.5723684210526315,0.625,0.375,0.19736842105263158,0.1118421052631579
115,2032.0,baseline,population,14324.99853956298,0.5506329113924051,0.7468354430379747,43.2743911911481,0.7784810126582279,0.6075949367088608,0.6265822784810127,0.36075949367088606,0.16455696202531644,0.0759493670886076
115,2033.0,baseline,population,13649.796663887257,0.5063291139240507,0.6645569620253164,43.27064588004162,0.740506329113924,0.5189873417721519,0.569620253164557,0.37341772151898733,0.25949367088607594,0.10759493670886076
115,2034.0,baseline,population,14042.766474927266,0.5657894736842105,0.7631578947368421,43.190981480867,0.7697368421052632,0.5394736842105263,0.5657894736842105,0.3815789473684211,0.23026315789473684,0.07236842105263158
115,2035.0,baseline,population,15371.911347336441,0.5921052631578947,0.8092105263157895,42.88519701463241,0.7763157894736842,0.5789473684210527,0.631578947368421,0.39473684210526316,0.19736842105263158,0.1118421052631579
116,2023.0,baseline,population,11889.883381862202,0.5859872611464968,0.24203821656050956,42.96866242038217,0.7070063694267515,0.5286624203821656,0.5286624203821656,0.36942675159235666,0.2356687898089172,0.12738853503184713
116,2024.0,baseline,population,14891.851171864277,0.48299319727891155,0.6530612244897959,44.14907590098271,0.7551020408163265,0.5238095238095238,0.5578231292517006,0.3197278911564626,0.14285714285714285,0.06802721088435375
116,2025.0,baseline,population,15734.377098480387,0.5753424657534246,0.773972602739726,41.87623048643632,0.8082191780821918,0.6438356164383562,0.6712328767123288,0.4246575342465753,0.19863013698630136,0.1095890410958904
116,2026.0,baseline,population,13863.105026408282,0.6275862068965518,0.7241379310344828,42.636401016439315,0.8068965517241379,0.6275862068965518,0.6482758620689655,0.4,0.21379310344827587,0.08275862068965517
116,2027.0,baseline,population,15049.877600698464,0.6083916083916084,0.7342657342657343,41.55001620727044,0.7902097902097902,0.5944055944055944,0.6503496503496503,0.4405594405594406,0.2867132867132867,0.11188811188811189
116,2028.0,baseline,population,16580.963303214146,0.6158940397350994,0.7748344370860927,41.40260095868543,0.8278145695364238,0.6490066225165563,0.6754966887417219,0.423841059602649,0.23841059602649006,0.12582781456953643
116,2029.0,baseline,population,16558.008615134368,0.6122448979591837,0.6938775510204082,40.66320006224273,0.8027210884353742,0.6598639455782312,0.6938775510204082,0.5034013605442177,0.32653061224489793,0.1360544217687075
116,2030.0,baseline,population,14337.273934360559,0.6040268456375839,0.7583892617449665,40.41612701145541,0.7986577181208053,0.6711409395973155,0.697986577181208,0.5033557046979866,0.3422818791946309,0.14093959731543623
116,2031.0,baseline,population,17358.888045033586,0.6209150326797386,0.7320261437908496,41.67407559158415,0.8496732026143791,0.6470588235294118,0.6862745098039216,0.39869281045751637,0.20261437908496732,0.10457516339869281
116,2032.0,baseline,population,14558.242363274676,0.5757575757575758,0.7212121212121212,42.30272830375957,0.8363636363636363,0.6121212121212121,0.6484848484848484,0.3878787878787879,0.18787878787878787,0.09696969696969697
116,2033.0,baseline,population,14487.076652780665,0.5882352941176471,0.6339869281045751,42.26436538076332,0.7777777777777778,0.5816993464052288,0.6143790849673203,0.39869281045751637,0.29411764705882354,0.11764705882352941
116,2034.0,baseline,population,13871.414682614522,0.5197368421052632,0.7763157894736842,42.76333190992479,0.743421052631579,0.5921052631578947,0.625,0.4144736842105263,0.24342105263157895,0.09210526315789473
116,2035.0,baseline,population,14772.982778239439,0.5163398692810458,0.7581699346405228,42.75717093438476,0.7777777777777778,0.5816993464052288,0.6143790849673203,0.4117647058823529,0.20261437908496732,0.08496732026143791
117,2023.0,baseline,population,11889.883381862202,0.5859872611464968,0.24203821656050956,42.96866242038217,0.7070063694267515,0.5286624203821656,0.5286624203821656,0.36942675159235666,0.2356687898089172,0.12738853503184713
117,2024.0,baseline,population,15352.34110972417,0.46938775510204084,0.673469387755102,44.30524326246927,0.7482993197278912,0.5306122448979592,0.564625850340136,0.32653061224489793,0.1360544217687075,0.05442176870748299
117,2025.0,baseline,population,15886.397121860171,0.541095890410959,0.7876712328767124,41.89868783672664,0.8082191780821918,0.6575342465753424,0.6712328767123288,0.4246575342465753,0.2054794520547945,0.1095890410958904
117,2026.0,baseline,population,14235.08501196764,0.593103448275862,0.7103448275862069,42.55408158807739,0.7931034482758621,0.6275862068965518,0.6482758620689655,0.3931034482758621,0.21379310344827587,0.0896551724137931
117,2027.0,baseline,population,15061.707609485857,0.6111111111111112,0.7430555555555556,41.59761596625998,0.8055555555555556,0.6041666666666666,0.6527777777777778,0.4444444444444444,0.2847222222222222,0.11805555555555555
117,2028.0,baseline,population,17186.359499175636,0.5960264900662252,0.7682119205298014,41.50894461864209,0.8079470198675497,0.6490066225165563,0.6821192052980133,0.423841059602649,0.271523178807947,0.10596026490066225
117,2029.0,baseline,population,17573.626981497233,0.6122448979591837,0.6870748299319728,41.56900730156801,0.782312925170068,0.6326530612244898,0.6666666666666666,0.46258503401360546,0.2925170068027211,0.12244897959183673
117,2030.0,baseline,population,15645.953428326284,0.6375838926174496,0.7718120805369127,40.98413769375673,0.8053691275167785,0.6442953020134228,0.6711409395973155,0.47651006711409394,0.3221476510067114,0.1342281879194631
117,2031.0,baseline,population,16231.559591674359,0.5986842105263158,0.756578947368421,42.207903904803416,0.8289473684210527,0.6118421052631579,0.6578947368421053,0.40131578947368424,0.19736842105263158,0.10526315789473684
117,2032.0,baseline,population,15629.141373349692,0.5443037974683544,0.7658227848101266,42.853906861764315,0.7848101265822784,0.5949367088607594,0.6518987341772152,0.3924050632911392,0.1962025316455696,0.08860759493670886
117,2033.0,baseline,population,14843.639576327081,0.5761589403973509,0.6688741721854304,43.095192499528665,0.7549668874172185,0.543046357615894,0.6026490066225165,0.3708609271523179,0.26490066225165565,0.11258278145695365
117,2034.0,baseline,population,14084.605598284264,0.5562913907284768,0.7814569536423841,43.871396312917824,0.7218543046357616,0.5231788079470199,0.5629139072847682,0.3576158940397351,0.23841059602649006,0.0728476821192053
117,2035.0,baseline,population,15290.209214170032,0.6052631578947368,0.75,43.886906809004564,0.7236842105263158,0.5394736842105263,0.5657894736842105,0.3618421052631579,0.19736842105263158,0.06578947368421052
118,2023.0,baseline,population,11889.883381862202,0.5859872611464968,0.24203821656050956,42.96866242038217,0.7070063694267515,0.5286624203821656,0.5286624203821656,0.36942675159235666,0.2356687898089172,0.12738853503184713
118,2024.0,baseline,population,14235.761549452473,0.46938775510204084,0.6394557823129252,44.47705893974232,0.7482993197278912,0.5102040816326531,0.5578231292517006,0.3197278911564626,0.14285714285714285,0.047619047619047616
118,2025.0,baseline,population,15992.917283378887,0.5510204081632653,0.782312925170068,42.078266018321706,0.8027210884353742,0.6530612244897959,0.673469387755102,0.4217687074829932,0.19047619047619047,0.09523809523809523
118,2026.0,baseline,population,14004.723930562732,0.6027397260273972,0.7328767123287672,43.04443154201431,0.8013698630136986,0.6095890410958904,0.6232876712328768,0.3698630136986301,0.1917808219178082,0.07534246575342465
118,2027.0,baseline,population,14861.239727676855,0.6433566433566433,0.7412587412587412,41.98290735211059,0.7832167832167832,0.6083916083916084,0.6573426573426573,0.4195804195804196,0.2727272727272727,0.1048951048951049
118,2028.0,baseline,population,17580.550026776713,0.6068965517241379,0.7517241379310344,42.13310779643895,0.7862068965517242,0.5862068965517241,0.6344827586206897,0.4206896551724138,0.2413793103448276,0.09655172413793103
118,2029.0,baseline,population,17231.068808109423,0.6216216216216216,0.6891891891891891,41.981327049867986,0.75,0.6081081081081081,0.6418918918918919,0.43243243243243246,0.2702702702702703,0.10810810810810811
118,2030.0,baseline,population,14791.009684483617,0.64,0.7733333333333333,41.116106493873914,0.8266666666666667,0.6333333333333333,0.68,0.4666666666666667,0.2866666666666667,0.12
118,2031.0,baseline,population,15402.613554075868,0.6143790849673203,0.7647058823529411,42.28727374847092,0.8366013071895425,0.6143790849673203,0.6405228758169934,0.37254901960784315,0.17647058823529413,0.10457516339869281
118,2032.0,baseline,population,14818.416193417841,0.5534591194968553,0.7735849056603774,42.883759849000654,0.7924528301886793,0.5786163522012578,0.6163522012578616,0.4025157232704403,0.18867924528301888,0.10062893081761007
118,2033.0,baseline,population,15398.40718384417,0.6143790849673203,0.6601307189542484,43.06858470010801,0.7516339869281046,0.5816993464052288,0.6209150326797386,0.35294117647058826,0.24836601307189543,0.09803921568627451
118,2034.0,baseline,population,14004.312620995192,0.5751633986928104,0.7647058823529411,43.59010112307633,0.738562091503268,0.5294117647058824,0.5816993464052288,0.35294117647058826,0.22875816993464052,0.0718954248366013
118,2035.0,baseline,population,15342.864570940414,0.5855263157894737,0.7697368421052632,43.12403009216553,0.75,0.5723684210526315,0.6118421052631579,0.40789473684210525,0.18421052631578946,0.09868421052631579
119,2023.0,baseline,population,11889.883381862202,0.5859872611464968,0.24203821656050956,42.96866242038217,0.7070063694267515,0.5286624203821656,0.5286624203821656,0.36942675159235666,0.2356687898089172,0.12738853503184713
119,2024.0,baseline,population,14758.023452980375,0.5102040816326531,0.6666666666666666,44.28161336020802,0.7551020408163265,0.5238095238095238,0.564625850340136,0.3197278911564626,0.1360544217687075,0.061224489795918366
119,2025.0,baseline,population,16725.577402891708,0.5782312925170068,0.782312925170068,41.66081205348744,0.8231292517006803,0.6530612244897959,0.6802721088435374,0.4217687074829932,0.19047619047619047,0.11564625850340136
119,2026.0,baseline,population,15052.448949289517,0.6137931034482759,0.7448275862068966,42.54478294951495,0.7931034482758621,0.6206896551724138,0.6413793103448275,0.4,0.2,0.0896551724137931
119,2027.0,baseline,population,15509.22106837592,0.5945945945945946,0.7567567567567568,41.18878930315622,0.7972972972972973,0.6283783783783784,0.668918918918919,0.46621621621621623,0.31756756756756754,0.0945945945945946
119,2028.0,baseline,population,17549.310549878304,0.5838926174496645,0.7919463087248322,41.32049101554586,0.825503355704698,0.6510067114093959,0.7046979865771812,0.42953020134228187,0.2550335570469799,0.11409395973154363
119,2029.0,baseline,population,17306.804772175266,0.6283783783783784,0.7432432432432432,41.26020356699959,0.8108108108108109,0.6283783783783784,0.668918918918919,0.46621621621621623,0.2905405405405405,0.11486486486486487
119,2030.0,baseline,population,15327.208880806016,0.5933333333333334,0.7666666666666667,40.726637881483775,0.8066666666666666,0.66,0.6933333333333334,0.4866666666666667,0.31333333333333335,0.13333333333333333
119,2031.0,baseline,population,15376.023230557144,0.6274509803921569,0.7777777777777778,42.00095571904348,0.8431372549019608,0.6209150326797386,0.6405228758169934,0.40522875816993464,0.1895424836601307,0.11764705882352941
119,2032.0,baseline,population,14217.914811667588,0.56875,0.8,42.18068887934679,0.8,0.625,0.6625,0.4125,0.225,0.09375
119,2033.0,baseline,population,15249.650613104079,0.6143790849673203,0.6666666666666666,42.65498215145802,0.7777777777777778,0.5620915032679739,0.5947712418300654,0.39869281045751637,0.27450980392156865,0.12418300653594772
119,2034.0,baseline,population,13719.766438509741,0.5471698113207547,0.7421383647798742,43.5459292466284,0.7547169811320755,0.5660377358490566,0.5911949685534591,0.3270440251572327,0.22012578616352202,0.08176100628930817
119,2035.0,baseline,population,14181.04899258751,0.6118421052631579,0.75,43.20624710505559,0.7368421052631579,0.5657894736842105,0.5921052631578947,0.42105263157894735,0.2236842105263158,0.10526315789473684
120,2023.0,baseline,population,11889.883381862202,0.5859872611464968,0.24203821656050956,42.96866242038217,0.7070063694267515,0.5286624203821656,0.5286624203821656,0.36942675159235666,0.2356687898089172,0.12738853503184713
120,2024.0,baseline,population,14198.941121109801,0.46938775510204084,0.6598639455782312,43.941997061198904,0.7551020408163265,0.54421768707483,0.5850340136054422,0.3333333333333333,0.14285714285714285,0.06802721088435375
120,2025.0,baseline,population,15562.080445548274,0.5608108108108109,0.7702702702702703,41.81656817623782,0.831081081081081,0.6486486486486487,0.668918918918919,0.4189189189189189,0.20270270270270271,0.0945945945945946
120,2026.0,baseline,population,13712.77472394963,0.6137931034482759,0.6758620689655173,42.42921217914995,0.8,0.6206896551724138,0.6551724137931034,0.4,0.21379310344827587,0.0896551724137931
120,2027.0,baseline,population,14565.676124664584,0.5874125874125874,0.7202797202797203,41.557924101160744,0.7832167832167832,0.5874125874125874,0.6573426573426573,0.43356643356643354,0.27972027972027974,0.11888111888111888
120,2028.0,baseline,population,16233.723062511026,0.6388888888888888,0.7638888888888888,41.0527134926698,0.8263888888888888,0.625,0.6666666666666666,0.4513888888888889,0.2708333333333333,0.125
120,2029.0,baseline,population,16236.571438090106,0.5918367346938775,0.6598639455782312,40.68835801402364,0.8095238095238095,0.673469387755102,0.7074829931972789,0.47619047619047616,0.29931972789115646,0.1292517006802721
120,2030.0,baseline,population,14944.430503822407,0.5866666666666667,0.7466666666666667,39.958234488109,0.84,0.6933333333333334,0.74,0.5266666666666666,0.36,0.16
120,2031.0,baseline,population,14920.795465717272,0.6013071895424836,0.7189542483660131,41.864783221639996,0.8169934640522876,0.6143790849673203,0.6535947712418301,0.41830065359477125,0.19607843137254902,0.11764705882352941
120,2032.0,baseline,population,14166.614650670203,0.5555555555555556,0.7283950617283951,42.50637437672081,0.8209876543209876,0.6111111111111112,0.6358024691358025,0.38271604938271603,0.19135802469135801,0.1111111111111111
120,2033.0,baseline,population,14105.362225643761,0.5882352941176471,0.6405228758169934,42.24827913415638,0.7450980392156863,0.5686274509803921,0.6013071895424836,0.4117647058823529,0.3333333333333333,0.12418300653594772
120,2034.0,baseline,population,13529.865719797099,0.5723684210526315,0.743421052631579,43.601071137969576,0.7236842105263158,0.5263157894736842,0.5723684210526315,0.35526315789473684,0.24342105263157895,0.07236842105263158
120,2035.0,baseline,population,13925.303133025012,0.5723684210526315,0.7697368421052632,43.4799318496454,0.7302631578947368,0.5657894736842105,0.5789473684210527,0.3881578947368421,0.19736842105263158,0.07894736842105263
121,2023.0,baseline,population,11889.883381862202,0.5859872611464968,0.24203821656050956,42.96866242038217,0.7070063694267515,0.5286624203821656,0.5286624203821656,0.36942675159235666,0.2356687898089172,0.12738853503184713
121,2024.0,baseline,population,13876.936355014552,0.4657534246575342,0.6438356164383562,44.07162851998113,0.7465753424657534,0.5205479452054794,0.5684931506849316,0.3219178082191781,0.14383561643835616,0.0684931506849315
121,2025.0,baseline,population,16067.996337518038,0.5310344827586206,0.7724137931034483,41.66985196372908,0.8137931034482758,0.6551724137931034,0.6896551724137931,0.4206896551724138,0.19310344827586207,0.1103448275862069
121,2026.0,baseline,population,13351.505006487429,0.593103448275862,0.7310344827586207,42.608553110517946,0.8068965517241379,0.6206896551724138,0.6482758620689655,0.3931034482758621,0.19310344827586207,0.08275862068965517
121,2027.0,baseline,population,13441.569451226824,0.5944055944055944,0.7342657342657343,41.40089028642349,0.8041958041958042,0.6083916083916084,0.6853146853146853,0.4405594405594406,0.2867132867132867,0.11888111888111888
121,2028.0,baseline,population,15529.960854067622,0.6133333333333333,0.76,41.141176901325686,0.82,0.64,0.6733333333333333,0.43333333333333335,0.26666666666666666,0.14666666666666667
121,2029.0,baseline,population,15499.34099013566,0.5950920245398773,0.6319018404907976,41.134169721222094,0.7914110429447853,0.6380368098159509,0.6625766871165644,0.4785276073619632,0.3067484662576687,0.11042944785276074
121,2030.0,baseline,population,14783.034963950242,0.6234567901234568,0.7962962962962963,41.47009627100634,0.8024691358024691,0.5987654320987654,0.6358024691358025,0.47530864197530864,0.30864197530864196,0.12962962962962962
121,2031.0,baseline,population,14346.823083201665,0.5986842105263158,0.743421052631579,42.98834019177636,0.7763157894736842,0.5855263157894737,0.5986842105263158,0.3815789473684211,0.17763157894736842,0.09868421052631579
121,2032.0,baseline,population,13679.148966622648,0.5632911392405063,0.7784810126582279,43.19303236023378,0.7784810126582279,0.5822784810126582,0.5949367088607594,0.3670886075949367,0.17721518987341772,0.08227848101265822
121,2033.0,baseline,population,13294.592462645427,0.5986842105263158,0.6513157894736842,42.63391311047241,0.7763157894736842,0.5394736842105263,0.6052631578947368,0.3815789473684211,0.29605263157894735,0.1118421052631579
121,2034.0,baseline,population,12237.162849591112,0.5789473684210527,0.7894736842105263,43.09068926649699,0.7368421052631579,0.5394736842105263,0.5855263157894737,0.39473684210526316,0.24342105263157895,0.09210526315789473
121,2035.0,baseline,population,13489.510845918567,0.5986842105263158,0.7236842105263158,43.263944367939814,0.75,0.5657894736842105,0.5921052631578947,0.40131578947368424,0.18421052631578946,0.09210526315789473
122,2023.0,baseline,population,11889.883381862202,0.5859872611464968,0.24203821656050956,42.96866242038217,0.7070063694267515,0.5286624203821656,0.5286624203821656,0.36942675159235666,0.2356687898089172,0.12738853503184713
122,2024.0,baseline,population,15101.148496110927,0.48299319727891155,0.6666666666666666,44.27203450596302,0.7551020408163265,0.5306122448979592,0.5782312925170068,0.3129251700680272,0.1360544217687075,0.061224489795918366
122,2025.0,baseline,population,16213.989626488814,0.5510204081632653,0.7891156462585034,41.898582511782024,0.8095238095238095,0.6462585034013606,0.673469387755102,0.41496598639455784,0.17687074829931973,0.10884353741496598
122,2026.0,baseline,population,13543.96215141963,0.5862068965517241,0.7517241379310344,42.83612343145543,0.7931034482758621,0.6206896551724138,0.6551724137931034,0.3793103448275862,0.2,0.0896551724137931
122,2027.0,baseline,population,13805.460033227584,0.5944055944055944,0.7552447552447552,41.49116318605805,0.7972027972027972,0.6013986013986014,0.6923076923076923,0.4405594405594406,0.2867132867132867,0.1048951048951049
122,2028.0,baseline,population,16022.575257636347,0.5666666666666667,0.7666666666666667,41.480566223023686,0.8266666666666667,0.6466666666666666,0.6933333333333334,0.4,0.24,0.13333333333333333
122,2029.0,baseline,population,16231.688201366362,0.5806451612903226,0.6709677419354839,41.48989493481755,0.7612903225806451,0.6064516129032258,0.632258064516129,0.47096774193548385,0.2967741935483871,0.11612903225806452
122,2030.0,baseline,population,14779.104223310504,0.6442953020134228,0.7516778523489933,40.018836208842,0.8187919463087249,0.6912751677852349,0.7114093959731543,0.5100671140939598,0.35570469798657717,0.14093959731543623
122,2031.0,baseline,population,15350.12388651256,0.6352201257861635,0.779874213836478,42.446158060577254,0.8238993710691824,0.5849056603773585,0.610062893081761,0.3836477987421384,0.1949685534591195,0.11949685534591195
122,2032.0,baseline,population,14693.09159382641,0.5714285714285714,0.7727272727272727,42.28664183609832,0.8246753246753247,0.6298701298701299,0.6688311688311688,0.38311688311688313,0.19480519480519481,0.09090909090909091
122,2033.0,baseline,population,14801.00990476062,0.625,0.6842105263157895,42.24701078273926,0.7828947368421053,0.5855263157894737,0.6118421052631579,0.375,0.29605263157894735,0.125
122,2034.0,baseline,population,13825.530649368822,0.625,0.7960526315789473,42.83032457138375,0.756578947368421,0.5723684210526315,0.5855263157894737,0.40789473684210525,0.2631578947368421,0.10526315789473684
122,2035.0,baseline,population,13803.072523149036,0.6052631578947368,0.75,42.176731829384046,0.7894736842105263,0.618421052631579,0.6710526315789473,0.4407894736842105,0.24342105263157895,0.125
123,2023.0,baseline,population,11889.883381862202,0.5859872611464968,0.24203821656050956,42.96866242038217,0.7070063694267515,0.5286624203821656,0.5286624203821656,0.36942675159235666,0.2356687898089172,0.12738853503184713
123,2024.0,baseline,population,14172.598227173581,0.46938775510204084,0.6666666666666666,43.97442822317679,0.7619047619047619,0.54421768707483,0.5918367346938775,0.32653061224489793,0.1360544217687075,0.06802721088435375
123,2025.0,baseline,population,15567.748534337266,0.5306122448979592,0.7891156462585034,41.73272049992635,0.8231292517006803,0.6530612244897959,0.6666666666666666,0.4217687074829932,0.20408163265306123,0.10884353741496598
123,2026.0,baseline,population,14030.250294897047,0.593103448275862,0.7241379310344828,42.60071558708976,0.8,0.6206896551724138,0.6482758620689655,0.4,0.19310344827586207,0.0896551724137931
123,2027.0,baseline,population,14129.35705410642,0.5684931506849316,0.7534246575342466,40.97601245004029,0.8082191780821918,0.6232876712328768,0.684931506849315,0.4657534246575342,0.2945205479452055,0.1232876712328767
123,2028.0,baseline,population,16037.611056513502,0.6275862068965518,0.7724137931034483,40.44420386412601,0.8275862068965517,0.6827586206896552,0.7103448275862069,0.4827586206896552,0.2896551724137931,0.13793103448275862
123,2029.0,baseline,population,15020.802294992132,0.5850340136054422,0.7142857142857143,40.77960457157516,0.8163265306122449,0.6530612244897959,0.673469387755102,0.4897959183673469,0.3129251700680272,0.12244897959183673
123,2030.0,baseline,population,13144.66799253781,0.6040268456375839,0.7583892617449665,40.364027437088644,0.8389261744966443,0.6778523489932886,0.7248322147651006,0.5033557046979866,0.31543624161073824,0.1342281879194631
123,2031.0,baseline,population,14144.29661449562,0.5686274509803921,0.7581699346405228,42.283781515035386,0.8235294117647058,0.6078431372549019,0.6470588235294118,0.40522875816993464,0.1830065359477124,0.09803921568627451
123,2032.0,baseline,population,12991.715004693206,0.50625,0.8,42.68748471796699,0.79375,0.61875,0.65625,0.39375,0.20625,0.1
123,2033.0,baseline,population,14145.13809160472,0.6086956521739131,0.6521739130434783,42.31210404767729,0.8012422360248447,0.6211180124223602,0.6645962732919255,0.36645962732919257,0.2857142857142857,0.10559006211180125
123,2034.0,baseline,population,14256.235919553239,0.6052631578947368,0.7960526315789473,43.42256292394645,0.756578947368421,0.5526315789473685,0.5789473684210527,0.3684210526315789,0.21052631578947367,0.07236842105263158
123,2035.0,baseline,population,14521.068063626213,0.5789473684210527,0.8092105263157895,43.459397131682415,0.7368421052631579,0.5789473684210527,0.6118421052631579,0.40789473684210525,0.20394736842105263,0.07236842105263158
124,2023.0,baseline,population,11889.883381862202,0.5859872611464968,0.24203821656050956,42.96866242038217,0.7070063694267515,0.5286624203821656,0.5286624203821656,0.36942675159235666,0.2356687898089172,0.12738853503184713
124,2024.0,baseline,population,14022.951890666454,0.5098039215686274,0.6666666666666666,44.59825352594227,0.7581699346405228,0.49019607843137253,0.5294117647058824,0.3006535947712418,0.13071895424836602,0.058823529411764705
124,2025.0,baseline,population,16652.48403734374,0.6013513513513513,0.7905405405405406,41.9087939013582,0.8243243243243243,0.6554054054054054,0.6824324324324325,0.41216216216216217,0.1891891891891892,0.10810810810810811
124,2026.0,baseline,population,14113.598349092836,0.6551724137931034,0.7379310344827587,43.019130688949986,0.7931034482758621,0.6206896551724138,0.6413793103448275,0.3793103448275862,0.2,0.08275862068965517
124,2027.0,baseline,population,15215.501111738397,0.6153846153846154,0.7482517482517482,41.4585076972881,0.7902097902097902,0.6013986013986014,0.6713286713286714,0.44755244755244755,0.2727272727272727,0.1258741258741259
124,2028.0,baseline,population,17146.128061303196,0.6319444444444444,0.7708333333333334,40.91971999530541,0.8055555555555556,0.6458333333333334,0.6736111111111112,0.4652777777777778,0.3055555555555556,0.11805555555555555
124,2029.0,baseline,population,17191.54531907396,0.6312056737588653,0.7021276595744681,40.75244840471589,0.8085106382978723,0.6524822695035462,0.6808510638297872,0.48226950354609927,0.3191489361702128,0.14893617021276595
124,2030.0,baseline,population,14759.453080383231,0.618421052631579,0.7697368421052632,40.404870120188946,0.8223684210526315,0.6447368421052632,0.6842105263157895,0.5,0.34210526315789475,0.13157894736842105
124,2031.0,baseline,population,15415.791014757975,0.5816993464052288,0.7516339869281046,41.47229772110208,0.8300653594771242,0.6143790849673203,0.6601307189542484,0.39869281045751637,0.22875816993464052,0.1503267973856209
124,2032.0,baseline,population,14446.603034510948,0.5408805031446541,0.7672955974842768,42.57073431403037,0.7861635220125787,0.5974842767295597,0.6226415094339622,0.4025157232704403,0.20125786163522014,0.10062893081761007
124,2033.0,baseline,population,15182.411978687562,0.5855263157894737,0.631578947368421,41.938432595017694,0.8026315789473685,0.6118421052631579,0.6513157894736842,0.4144736842105263,0.29605263157894735,0.11842105263157894
124,2034.0,baseline,population,13941.120208772245,0.5849056603773585,0.7232704402515723,43.15903296234862,0.7610062893081762,0.5471698113207547,0.5974842767295597,0.389937106918239,0.22641509433962265,0.06918238993710692
124,2035.0,baseline,population,16026.445918380903,0.6078431372549019,0.7973856209150327,43.06461490504867,0.7647058823529411,0.5947712418300654,0.6143790849673203,0.40522875816993464,0.19607843137254902,0.0784313725490196
